expo,table,project,sponsors,link,category,special
1,1,studyNow,Best Use of Parse API,http://mhacks6.devpost.com/submissions/40015-studynow,Web Development,0
1,2,Facebook Travel Extension,"Best Money Saving Hack (Concur),Best Travel Hack (Delta),Best Use of Expedia's API",http://mhacks6.devpost.com/submissions/40016-facebook-travel-extension,Web Development,0
1,3,Digital Pantry,"Best Use of Walmart API,Best eCommerce Hack -  Walmart",http://mhacks6.devpost.com/submissions/40017-digital-pantry,Web Development,0
1,4,PurdueCal,Best Money Saving Hack (Concur),http://mhacks6.devpost.com/submissions/40018-purduecal,Miscellaneous,0
1,5,Project Freedom,"Best Use of Analytics and Analysis (Bloomberg),Best Money Saving Hack (Concur)",http://mhacks6.devpost.com/submissions/40021-project-freedom,Web Development,0
1,6,Zafu,"Best Sustainable Hack (Walmart),Top Hack Using .CO,Judge's / Player's Choice (Electronic Arts),Most Professional Hack by LinkedIn",http://mhacks6.devpost.com/submissions/40026-zafu,Web Development,0
1,7,Googling Stack Overflow,Judge's / Player's Choice (Electronic Arts),http://mhacks6.devpost.com/submissions/40027-googling-stack-overflow,Miscellaneous,0
1,8,Kantare,"Top Hack Using .CO,Judge's / Player's Choice (Electronic Arts),Best Use of MongoDB,Best Team Collaboration on a Project -  American Express,Best Domain.com Domain Name",http://mhacks6.devpost.com/submissions/40028-kantare,Web Development,0
1,9,Messenger,,http://mhacks6.devpost.com/submissions/40030-messenger,Miscellaneous,0
1,10,Artify,,http://mhacks6.devpost.com/submissions/40035-artify,Miscellaneous,0
1,11,HoloHat,,http://mhacks6.devpost.com/submissions/40036-holohat,VR/Game Development,0
1,12,Accidental duplicate. Please ignore.,,http://mhacks6.devpost.com/submissions/40040-accidental-duplicate-please-ignore,Web Development,0
1,13,Elify: Your Social Relations Manager,"Top Hack Using .CO,Judge's / Player's Choice (Electronic Arts),Best Business Solution App Using Open Source (Goldman Sachs),Best Use of MongoDB",http://mhacks6.devpost.com/submissions/40042-elify-your-social-relations-manager,Web Development,0
1,14,quick_notes,Best Use of MongoDB,http://mhacks6.devpost.com/submissions/40043-quick_notes,Web Development,0
1,15,The Last Taco,Top Hack Using .CO,http://mhacks6.devpost.com/submissions/40047-the-last-taco,VR/Game Development,0
1,16,Dora The Explorer,,http://mhacks6.devpost.com/submissions/40049-dora-the-explorer,Web Development,0
1,17,Text2SQL,,http://mhacks6.devpost.com/submissions/40050-text2sql,Miscellaneous,0
1,18,Guardian Angel,"Best iOS App (Apple),Best Use of Parse API,Ford Best Mobile App,Best Hack for Social Impact - Spnosored by VFA",http://mhacks6.devpost.com/submissions/40187-guardian-angel,iOS,0
1,19,Want,Best Use of Walmart API,http://mhacks6.devpost.com/submissions/40054-want,Miscellaneous,0
1,20,Mosaic Ninja,"Top Hack Using .CO,Best Use of Expedia's API,Best Use of Firebase",http://mhacks6.devpost.com/submissions/40055-mosaic-ninja,Web Development,0
1,21,whatDo,"Best Travel Hack (Delta),Best Business Solution App Using Open Source (Goldman Sachs)",http://mhacks6.devpost.com/submissions/40056-whatdo,Web Development,0
1,22,Genie: 'Im'personal Digital Assistant,"Top Hack Using .CO,Most Innovative Use of DIRECTV's APIs,Best Use of Twilio",http://mhacks6.devpost.com/submissions/40062-genie-im-personal-digital-assistant,Web Development,0
1,23,Sonata in Python,,http://mhacks6.devpost.com/submissions/40064-sonata-in-python,Miscellaneous,0
1,24,JobHacks,"Top Hack Using .CO,Judge's / Player's Choice (Electronic Arts),Best Team Collaboration on a Project -  American Express,Most Professional Hack by LinkedIn",http://mhacks6.devpost.com/submissions/40068-jobhacks,Web Development,0
1,25,Musical Errors,Best Way to Visualize Data -  Qualtrics,http://mhacks6.devpost.com/submissions/40069-musical-errors,Miscellaneous,0
1,26,name placeholder,"Judge's / Player's Choice (Electronic Arts),Best Use of Parse API,Best Use of Firebase,Best Use of GUN",http://mhacks6.devpost.com/submissions/40070-name-placeholder,VR/Game Development,1
1,27,Quotable,Best Use of Analytics and Analysis (Bloomberg),http://mhacks6.devpost.com/submissions/40072-quotable,Web Development,0
1,28,SturdyBirdy,,http://mhacks6.devpost.com/submissions/40075-sturdybirdy,Web Development,0
1,29,Chroma Chimes,,http://mhacks6.devpost.com/submissions/40076-chroma-chimes,Web Development,0
1,30,Rendezvous,"Best Use of Analytics and Analysis (Bloomberg),Best Travel Hack (Delta)",http://mhacks6.devpost.com/submissions/40077-rendezvous,Web Development,0
1,31,Vania Virtual Evolution Thru Natural Selection,"Best Overall Use of Microsoft Technology, Judge's / Player's Choice (Electronic Arts)",http://mhacks6.devpost.com/submissions/40078-vania-virtual-evolution-thru-natural-selection,VR/Game Development,0
1,32,Taggr,"Best Business Solution App Using Open Source (Goldman Sachs),Best Use of Microsoft Azure,Best Overall Use of Microsoft Technology,Most Professional Hack by LinkedIn,Best Hack for Social Impact - Spnosored by VFA,Best eCommerce Hack -  Walmart",http://mhacks6.devpost.com/submissions/40080-taggr,Web Development,0
1,33,itsontheway,,http://mhacks6.devpost.com/submissions/40081-itsontheway,Web Development,1
1,34,MindPalace,"Best Sustainable Hack (Walmart),Judge's / Player's Choice (Electronic Arts),Best Business Solution App Using Open Source (Goldman Sachs),Best Use of GUN,Best Overall Use of Microsoft Technology",http://mhacks6.devpost.com/submissions/40082-mindpalace,VR/Game Development,0
1,35,TVTalk,Most Innovative Use of DIRECTV's APIs,http://mhacks6.devpost.com/submissions/40085-tvtalk,Web Development,1
1,36,Rebase and Merge Git Branch With Upstream Master,,http://mhacks6.devpost.com/submissions/40086-rebase-and-merge-git-branch-with-upstream-master,Miscellaneous,0
1,41,See More Stuff,Best Use of Twilio,http://mhacks6.devpost.com/submissions/40097-see-more-stuff,Web Development,0
1,42,Smartify,"Best Sustainable Hack (Walmart),Top Hack Using .CO,Best Money Saving Hack (Concur),Best Use of Firebase,Ford Best Mobile App,Best Business Solution App Using Open Source (Goldman Sachs),Best Use of Microsoft Azure,Best Overall Use of Microsoft Technology,Best Use of MongoDB,Best Use of Twilio,Best of Uber API,Best Use of Wolfram Tech,Best Team Collaboration on a Project -  American Express,Most Professional Hack by LinkedIn,Best Hack for Social Impact - Spnosored by VFA",http://mhacks6.devpost.com/submissions/40101-smartify,Web Development,0
1,43,Pigment Incubator,"Best Sustainable Hack (Walmart),Top Hack Using .CO,Best Use of Capital One API",http://mhacks6.devpost.com/submissions/40103-pigment-incubator,Web Development,0
1,44,Facebook Chat 2.0,,http://mhacks6.devpost.com/submissions/40105-facebook-chat-2-0,Web Development,0
1,45,VoiceSingularity,"Best Security Hack (Walmart),Judge's / Player's Choice (Electronic Arts),Best Overall Use of Microsoft Technology",http://mhacks6.devpost.com/submissions/40109-voicesingularity,Miscellaneous,0
1,46,MTeach,"Top Hack Using .CO,Best Use of Firebase",http://mhacks6.devpost.com/submissions/40110-mteach,Web Development,0
1,47,FallingBob,,http://mhacks6.devpost.com/submissions/40111-fallingbob,VR/Game Development,0
1,48,Balliver's Travels,Judge's / Player's Choice (Electronic Arts),http://mhacks6.devpost.com/submissions/40112-balliver-s-travels,VR/Game Development,0
1,49,Breakout,"Best iOS App (Apple),Best Use of Parse API",http://mhacks6.devpost.com/submissions/40114-breakout,Miscellaneous,0
1,50,Pre-Event,"Best Use of Analytics and Analysis (Bloomberg),Best Money Saving Hack (Concur),Best Way to Visualize Data -  Qualtrics",http://mhacks6.devpost.com/submissions/40117-pre-event,Web Development,0
1,51,Potter League,Judge's / Player's Choice (Electronic Arts),http://mhacks6.devpost.com/submissions/40118-potter-league,VR/Game Development,0
1,52,Scoutkick,"Top Hack Using .CO,Best Use of Analytics and Analysis (Bloomberg),Best Money Saving Hack (Concur),Most Innovative Use of DIRECTV's APIs,Judge's / Player's Choice (Electronic Arts),Most Professional Hack by LinkedIn,Best Way to Visualize Data -  Qualtrics",http://mhacks6.devpost.com/submissions/40121-scoutkick,Web Development,0
1,53,Drone Assault,"Judge's / Player's Choice (Electronic Arts),Best Use of Parse API,Ford Best Mobile App",http://mhacks6.devpost.com/submissions/40122-drone-assault,VR/Game Development,0
1,54,Songify,,http://mhacks6.devpost.com/submissions/40124-songify,Miscellaneous,0
1,55,IOFeedMe,Best Use of Microsoft Azure,http://mhacks6.devpost.com/submissions/40125-iofeedme,Web Development,0
1,56,Escape!,Judge's / Player's Choice (Electronic Arts),http://mhacks6.devpost.com/submissions/40128-escape,VR/Game Development,0
1,57,VidulyNoted,"Best Use of Analytics and Analysis (Bloomberg),Judge's / Player's Choice (Electronic Arts),Best Use of Firebase,Best Business Solution App Using Open Source (Goldman Sachs),Best Use of Microsoft Azure,Best Team Collaboration on a Project -  American Express,Most Professional Hack by LinkedIn,Best Hack for Social Impact - Spnosored by VFA",http://mhacks6.devpost.com/submissions/40130-vidulynoted,Web Development,0
1,58,M-Ball,"Judge's / Player's Choice (Electronic Arts),Best Use of Firebase,Best Overall Use of Microsoft Technology,Most Professional Hack by LinkedIn",http://mhacks6.devpost.com/submissions/40132-m-ball,VR/Game Development,0
1,59,TextBase.co,"Top Hack Using .CO,Best Money Saving Hack (Concur),Judge's / Player's Choice (Electronic Arts),Best Use of Parse API,Best Team Collaboration on a Project -  American Express,Most Professional Hack by LinkedIn,Best Hack for Social Impact - Spnosored by VFA",http://mhacks6.devpost.com/submissions/40133-textbase-co,Web Development,0
1,60,Mathemorphesis,"Best Business Solution App Using Open Source (Goldman Sachs),Most Professional Hack by LinkedIn,Best Way to Visualize Data -  Qualtrics",http://mhacks6.devpost.com/submissions/40135-mathemorphesis,Web Development,0
1,61,CoursesLive,Best use of Stream API,http://mhacks6.devpost.com/submissions/40136-courseslive,Web Development,0
1,62,WordHunter,"Top Hack Using .CO,Best Use of MongoDB,Best Team Collaboration on a Project -  American Express,Most Professional Hack by LinkedIn",http://mhacks6.devpost.com/submissions/40139-wordhunter,Web Development,0
1,63,Supersketchy,"Top Hack Using .CO,Judge's / Player's Choice (Electronic Arts),Best Use of Firebase,Best Hack for Social Impact - Spnosored by VFA",http://mhacks6.devpost.com/submissions/40143-supersketchy,VR/Game Development,0
1,64,Stock Watch,"Best Use of Twilio,Most Professional Hack by LinkedIn",http://mhacks6.devpost.com/submissions/40145-stock-watch,Web Development,0
1,65,Eventurous,"Best Sustainable Hack (Walmart),Top Hack Using .CO",http://mhacks6.devpost.com/submissions/40148-eventurous,Web Development,0
1,66,GUNPONG,"Top Hack Using .CO,Judge's / Player's Choice (Electronic Arts),Best Use of GUN",http://mhacks6.devpost.com/submissions/40151-gunpong,VR/Game Development,0
1,67,Bloated,"Top Hack Using .CO,Best Use of Analytics and Analysis (Bloomberg),Best Use of Firebase,Best Way to Visualize Data -  Qualtrics",http://mhacks6.devpost.com/submissions/40153-bloated,Web Development,0
1,68,PiggyBank,Best Use of Firebase,http://mhacks6.devpost.com/submissions/40154-piggybank,Web Development,0
1,69,Go for Broke,"Best Security Hack (Walmart),Best Sustainable Hack (Walmart),Top Hack Using .CO,Best Use of Capital One API,Best Money Saving Hack (Concur),Best Travel Hack (Delta),Best Use of Expedia's API,Best Use of Parse API,Best Use of GUN,Best Use of Microsoft Azure,Best Overall Use of Microsoft Technology,Best Use of the Nest API,Best Use of Twilio,Best Team Collaboration on a Project -  American Express,Most Professional Hack by LinkedIn,Best Use of Namecheap",http://mhacks6.devpost.com/submissions/40155-go-for-broke,Web Development,0
1,70,SelfiEmoji,,http://mhacks6.devpost.com/submissions/40157-selfiemoji,Web Development,0
1,71,Halfway.me,"Best Money Saving Hack (Concur),Best Travel Hack (Delta),Best Team Collaboration on a Project -  American Express,Most Professional Hack by LinkedIn,Best Use of Namecheap,Best Hack for Social Impact - Spnosored by VFA,Best eCommerce Hack -  Walmart",http://mhacks6.devpost.com/submissions/40158-halfway-me,Web Development,0
1,72,Hackatron,"Top Hack Using .CO,Ford Best Mobile App,Best Use of MongoDB,Best Use of Twilio,Best Team Collaboration on a Project -  American Express,Most Professional Hack by LinkedIn,Best Use of Namecheap,Best Hack for Social Impact - Spnosored by VFA",http://mhacks6.devpost.com/submissions/40160-hackatron,Web Development,0
1,73,Think Tank,"Best Use of Parse API,Best Team Collaboration on a Project -  American Express,Most Professional Hack by LinkedIn,Best Hack for Social Impact - Spnosored by VFA",http://mhacks6.devpost.com/submissions/40161-think-tank,Web Development,0
1,74,Save a Seat,"Best Sustainable Hack (Walmart),Top Hack Using .CO,Best Money Saving Hack (Concur),Judge's / Player's Choice (Electronic Arts),Best Use of Firebase,Ford Best Mobile App,Best Business Solution App Using Open Source (Goldman Sachs),Best Use of Microsoft Azure,Best Overall Use of Microsoft Technology,Best Use of Twilio,Best Use of Wolfram Tech,Best Team Collaboration on a Project -  American Express,Most Professional Hack by LinkedIn,Best Way to Visualize Data -  Qualtrics,Best Hack for Social Impact - Spnosored by VFA,Best eCommerce Hack -  Walmart,Best Pebble Hack",http://mhacks6.devpost.com/submissions/40162-save-a-seat,Web Development,1
1,75,Job Choice,"Top Hack Using .CO,Best Use of Analytics and Analysis (Bloomberg),Best Money Saving Hack (Concur),Best Travel Hack (Delta),Best Use of MongoDB,Most Professional Hack by LinkedIn,Best Way to Visualize Data -  Qualtrics",http://mhacks6.devpost.com/submissions/40163-job-choice,Web Development,0
1,76,Rogue Battle TEST,"Best Use of Analytics and Analysis (Bloomberg),Best Travel Hack (Delta)",http://mhacks6.devpost.com/submissions/40164-rogue-battle-test,VR/Game Development,0
1,77,VR Feedback Game,Best Overall Use of Microsoft Technology,http://mhacks6.devpost.com/submissions/40168-vr-feedback-game,VR/Game Development,1
1,78,"Mercury: E-commerce metrics, history, and context","Best Use of Walmart API,Best Sustainable Hack (Walmart),Top Hack Using .CO,Best Use of Analytics and Analysis (Bloomberg),Best Money Saving Hack (Concur),Best Use of Parse API,Best Use of Wolfram Tech,Best Team Collaboration on a Project -  American Express,Most Professional Hack by LinkedIn,Best Use of Namecheap,Best Way to Visualize Data -  Qualtrics,Best eCommerce Hack -  Walmart,Best Domain.com Domain Name",http://mhacks6.devpost.com/submissions/40171-mercury-e-commerce-metrics-history-and-context,Web Development,0
1,79,Raymaze,"Top Hack Using .CO,Judge's / Player's Choice (Electronic Arts)",http://mhacks6.devpost.com/submissions/40172-raymaze,VR/Game Development,0
1,80,Caremaker,Best Hack for Social Impact - Spnosored by VFA,http://mhacks6.devpost.com/submissions/40175-caremaker,Web Development,0
1,81,Holodeck,"Best Travel Hack (Delta),Judge's / Player's Choice (Electronic Arts),Best Overall Use of Microsoft Technology,Best Team Collaboration on a Project -  American Express,Most Professional Hack by LinkedIn,Best Way to Visualize Data -  Qualtrics",http://mhacks6.devpost.com/submissions/40176-holodeck,VR/Game Development,1
1,82,"Mind, Body & Fear","Judge's / Player's Choice (Electronic Arts),Best Overall Use of Microsoft Technology,Best Team Collaboration on a Project -  American Express",http://mhacks6.devpost.com/submissions/40177-mind-body-fear,VR/Game Development,1
1,83,forests,"Top Hack Using .CO,Best iOS App (Apple),Best Use of Analytics and Analysis (Bloomberg),Best Use of Parse API,Best Team Collaboration on a Project -  American Express,Best Way to Visualize Data -  Qualtrics",http://mhacks6.devpost.com/submissions/40178-forests,Miscellaneous,0
1,84,hypercube,,http://mhacks6.devpost.com/submissions/40180-hypercube,VR/Game Development,0
1,85,GibJab,"Best Use of Firebase,Best Use of Namecheap,Best Domain.com Domain Name",http://mhacks6.devpost.com/submissions/40182-gibjab,Web Development,0
1,86,FlightBook,"Best Money Saving Hack (Concur),Best Use of Expedia's API,Best Use of Microsoft Azure,Best Overall Use of Microsoft Technology",http://mhacks6.devpost.com/submissions/40184-flightbook,Web Development,0
1,87,pARfs,"Judge's / Player's Choice (Electronic Arts),Best Use of Firebase",http://mhacks6.devpost.com/submissions/40186-parfs,VR/Game Development,0
1,88,Travel Packages for Facebook Events,"Best Travel Hack (Delta),Best Use of Expedia's API",http://mhacks6.devpost.com/submissions/40188-travel-packages-for-facebook-events,Web Development,0
1,89,FlightBook,"Best Money Saving Hack (Concur),Best Travel Hack (Delta),Best Use of Expedia's API,Best Use of Microsoft Azure,Best Overall Use of Microsoft Technology",http://mhacks6.devpost.com/submissions/40189-flightbook,Web Development,0
1,90,Study With Me,"Top Hack Using .CO,Best Use of Firebase,Best Team Collaboration on a Project -  American Express,Most Professional Hack by LinkedIn,Best Hack for Social Impact - Spnosored by VFA",http://mhacks6.devpost.com/submissions/40190-study-with-me,Web Development,0
1,91,Fusion Furniture,"Best iOS App (Apple),Best Money Saving Hack (Concur),Best Use of Firebase,Best Use of Microsoft Azure,Best Overall Use of Microsoft Technology,Best Use of Wolfram Tech,Best Team Collaboration on a Project -  American Express",http://mhacks6.devpost.com/submissions/40193-fusion-furniture,Web Development,0
1,92,Subliminal,Best Use of MongoDB,http://mhacks6.devpost.com/submissions/40194-subliminal,Web Development,0
1,93,Git Grader,"Judge's / Player's Choice (Electronic Arts),Best Business Solution App Using Open Source (Goldman Sachs),Best Use of Microsoft Azure,Most Professional Hack by LinkedIn",http://mhacks6.devpost.com/submissions/40195-git-grader,Web Development,0
1,94,Hokie House,"Top Hack Using .CO,Best Money Saving Hack (Concur),Judge's / Player's Choice (Electronic Arts),Best Use of Firebase,Best Team Collaboration on a Project -  American Express,Best Use of Namecheap,Best Hack for Social Impact - Spnosored by VFA",http://mhacks6.devpost.com/submissions/40197-hokie-house,Web Development,0
1,95,MYOwn Drums,"Judge's / Player's Choice (Electronic Arts),Best Team Collaboration on a Project -  American Express,Most Professional Hack by LinkedIn",http://mhacks6.devpost.com/submissions/40202-myown-drums,VR/Game Development,1
1,96,Sup,Best Use of Firebase,http://mhacks6.devpost.com/submissions/40205-sup,Web Development,0
1,97,Share My Ride,Best of Uber API,http://mhacks6.devpost.com/submissions/40206-share-my-ride,Web Development,0
1,98,Filter Fiasco,"Top Hack Using .CO,Best iOS App (Apple),Judge's / Player's Choice (Electronic Arts),Best Use of Parse API",http://mhacks6.devpost.com/submissions/40212-filter-fiasco,Web Development,0
1,99,PennyThoughts,"Best iOS App (Apple),Best Use of Firebase,Best Hack for Social Impact - Spnosored by VFA",http://mhacks6.devpost.com/submissions/40214-pennythoughts,Miscellaneous,0
1,100,xplor,"Best Travel Hack (Delta),Best Use of Expedia's API,Judge's / Player's Choice (Electronic Arts),Best of Uber API",http://mhacks6.devpost.com/submissions/40219-xplor,Web Development,0
1,101,Application Optimization,"Best Business Solution App Using Open Source (Goldman Sachs),Best Use of Microsoft Azure,Best Overall Use of Microsoft Technology,Best Use of Wolfram Tech,Best Team Collaboration on a Project -  American Express,Most Professional Hack by LinkedIn,Best Domain.com Domain Name",http://mhacks6.devpost.com/submissions/40224-application-optimization,Web Development,0
1,102,Cactus Juice,Best Overall Use of Microsoft Technology,http://mhacks6.devpost.com/submissions/40227-cactus-juice,VR/Game Development,0
1,103,Explora,"Best Money Saving Hack (Concur),Best Travel Hack (Delta),Best Use of Expedia's API",http://mhacks6.devpost.com/submissions/40228-explora,Web Development,0
1,104,NYSEVisualizer,"Judge's / Player's Choice (Electronic Arts),Best Overall Use of Microsoft Technology,Most Professional Hack by LinkedIn",http://mhacks6.devpost.com/submissions/40229-nysevisualizer,VR/Game Development,0
1,105,Listnote,,http://mhacks6.devpost.com/submissions/40230-listnote,Web Development,0
1,106,Ask about Red Cross (AMEX Challenge Q2),Best Team Collaboration on a Project -  American Express,http://mhacks6.devpost.com/submissions/40232-ask-about-red-cross-amex-challenge-q2,Web Development,0
1,107,InvestorBuddy,Best Use of Analytics and Analysis (Bloomberg),http://mhacks6.devpost.com/submissions/40235-investorbuddy,Web Development,0
1,108,Visualeyes,"Best Use of Walmart API,Best Sustainable Hack (Walmart),Best Money Saving Hack (Concur),Judge's / Player's Choice (Electronic Arts),Best Use of Firebase,Best Business Solution App Using Open Source (Goldman Sachs),Best Use of Microsoft Azure,Best Team Collaboration on a Project -  American Express,Best Use of Namecheap",http://mhacks6.devpost.com/submissions/40236-visualeyes,Web Development,0
1,109,Mirror,,http://mhacks6.devpost.com/submissions/40237-mirror,Web Development,0
1,110,Soundcard,,http://mhacks6.devpost.com/submissions/40241-soundcard,Web Development,0
1,111,fomo : Fear of Missing Out!,"Best Use of Walmart API,Best Sustainable Hack (Walmart),Top Hack Using .CO,Best Money Saving Hack (Concur),Best Travel Hack (Delta),Best Use of Expedia's API,Best Business Solution App Using Open Source (Goldman Sachs),Best Use of Microsoft Azure,Best Overall Use of Microsoft Technology,Best Use of Twilio,Best Team Collaboration on a Project -  American Express,Most Professional Hack by LinkedIn,Best Hack for Social Impact - Spnosored by VFA,Best Domain.com Domain Name",http://mhacks6.devpost.com/submissions/40243-fomo-fear-of-missing-out,Miscellaneous,0
1,112,Url2pptx,"Best Business Solution App Using Open Source (Goldman Sachs),Best Overall Use of Microsoft Technology,Most Professional Hack by LinkedIn",http://mhacks6.devpost.com/submissions/40244-url2pptx,Miscellaneous,0
1,113,Treeland,"Top Hack Using .CO,Judge's / Player's Choice (Electronic Arts),Best Team Collaboration on a Project -  American Express",http://mhacks6.devpost.com/submissions/40249-treeland,Web Development,0
1,114,Delta (Blues),Best Travel Hack (Delta),http://mhacks6.devpost.com/submissions/40254-delta-blues,Web Development,0
1,115,SmartShower,"Best Sustainable Hack (Walmart),Best Use of Capital One API",http://mhacks6.devpost.com/submissions/40260-smartshower,Web Development,1
1,116,The Star Wars Initiative ,,http://mhacks6.devpost.com/submissions/40267-the-star-wars-initiative,Miscellaneous,0
1,117,Poltergeist,"Judge's / Player's Choice (Electronic Arts),Best Team Collaboration on a Project -  American Express",http://mhacks6.devpost.com/submissions/40268-poltergeist,VR/Game Development,0
1,118,Lecture Learning,"Top Hack Using .CO,Best Use of Analytics and Analysis (Bloomberg),Best Use of Firebase,Best Way to Visualize Data -  Qualtrics,Best Hack for Social Impact - Spnosored by VFA",http://mhacks6.devpost.com/submissions/40272-lecture-learning,Web Development,0
1,119,Pledge Silence,"Best Use of MongoDB,Best Hack for Social Impact - Spnosored by VFA",http://mhacks6.devpost.com/submissions/40278-pledge-silence,Web Development,0
1,120,e-Valuator,"Best Use of Walmart API,Best Money Saving Hack (Concur),Best Use of Parse API,Best Use of Microsoft Azure",http://mhacks6.devpost.com/submissions/40283-e-valuator,VR/Game Development,1
1,121,"Biometric 2-Factor Security - ""BioAuth"" (MongoDB) ","Best Security Hack (Walmart),Best Sustainable Hack (Walmart),Top Hack Using .CO,Best Use of Microsoft Azure,Best Overall Use of Microsoft Technology,Best Use of MongoDB,Best Team Collaboration on a Project -  American Express,Most Professional Hack by LinkedIn,Best Hack for Social Impact - Spnosored by VFA",http://mhacks6.devpost.com/submissions/40284-biometric-2-factor-security-bioauth-mongodb,Miscellaneous,0
1,122,Popsicle,,http://mhacks6.devpost.com/submissions/40285-popsicle,Web Development,0
1,123,CBKB,"Top Hack Using .CO,Best Use of Parse API",http://mhacks6.devpost.com/submissions/40286-cbkb,Miscellaneous,0
1,124,uiuc cafe x-change,"Best Money Saving Hack (Concur),Best Use of MongoDB,Best Hack for Social Impact - Spnosored by VFA,Best eCommerce Hack -  Walmart",http://mhacks6.devpost.com/submissions/40288-uiuc-cafe-x-change,Web Development,0
1,125,Roast.me,Best Use of Parse API,http://mhacks6.devpost.com/submissions/40294-roast-me,Web Development,0
1,126,InstaDraw,"Best Use of Firebase,Best Hack for Social Impact - Spnosored by VFA",http://mhacks6.devpost.com/submissions/40296-instadraw,Web Development,0
1,128,Hacker Hunter,"Best Use of Microsoft Azure,Best Overall Use of Microsoft Technology",http://mhacks6.devpost.com/submissions/40298-hacker-hunter,Web Development,0
1,129,Bonfire Fitness,,http://mhacks6.devpost.com/submissions/40301-bonfire-fitness,Miscellaneous,1
1,130,Social Media Dashboard,Best Way to Visualize Data -  Qualtrics,http://mhacks6.devpost.com/submissions/40308-social-media-dashboard,Web Development,0
1,131,Trapped Note,"Best iOS App (Apple),Judge's / Player's Choice (Electronic Arts)",http://mhacks6.devpost.com/submissions/40309-trapped-note,VR/Game Development,0
1,132,-A-D- Game,,http://mhacks6.devpost.com/submissions/40311-a-d-game,Web Development,0
1,133,GunFight,,http://mhacks6.devpost.com/submissions/40313-gunfight,VR/Game Development,0
1,134,Cartify,"Best Use of Walmart API,Best Sustainable Hack (Walmart),Best Money Saving Hack (Concur),Best Use of Firebase",http://mhacks6.devpost.com/submissions/40087-cartify,Web Development,0
1,135,broke,,http://mhacks6.devpost.com/submissions/40093-broke,Miscellaneous,0
1,136,"Squad: You May Be Lost, But The Squad Isn't","Top Hack Using .CO,Best Use of Firebase",http://mhacks6.devpost.com/submissions/40095-squad-you-may-be-lost-but-the-squad-isn-t,Web Development,0
1,137,MPark,"Top Hack Using .CO,Best Use of Parse API",http://mhacks6.devpost.com/submissions/40096-mpark,Web Development,0
1,138,Share The Love,Best Travel Hack (Delta),http://mhacks6.devpost.com/submissions/40316-share-the-love,Web Development,1
2,1,BaymaxBuddies,"Best Travel Hack (Delta),Best Hack for Social Impact - Spnosored by VFA",http://mhacks6.devpost.com/submissions/40014-baymaxbuddies,Hardware,0
2,2,SMSTrip,"Best Money Saving Hack (Concur),Best Travel Hack (Delta),Best Use of Microsoft Azure,Best Use of Twilio,Best Team Collaboration on a Project -  American Express",http://mhacks6.devpost.com/submissions/40019-smstrip,Social Impact,0
2,3,Divvy,"Best Use of Capital One API,Best Money Saving Hack (Concur),Best Use of MongoDB",http://mhacks6.devpost.com/submissions/40020-divvy,Hardware,0
2,4,Tranquil,"Best iOS App (Apple),Judge's / Player's Choice (Electronic Arts),Ford Best Mobile App",http://mhacks6.devpost.com/submissions/40023-tranquil,iOS,0
2,5,Fuber,"Best Money Saving Hack (Concur),Best Travel Hack (Delta),Best of Uber API",http://mhacks6.devpost.com/submissions/40024-fuber,Social Impact,0
2,6,Shepherd,"Top Hack Using .CO,Best iOS App (Apple),Best Use of Analytics and Analysis (Bloomberg),Best Use of MongoDB,Best Team Collaboration on a Project -  American Express,Most Professional Hack by LinkedIn,Best Way to Visualize Data -  Qualtrics",http://mhacks6.devpost.com/submissions/40025-shepherd,iOS,0
2,7,Impact6,"Top Hack Using .CO,Judge's / Player's Choice (Electronic Arts),Best Use of Microsoft Azure",http://mhacks6.devpost.com/submissions/40029-impact6,Social Impact,0
2,8,TdotExchange,"Best Sustainable Hack (Walmart),Best Money Saving Hack (Concur),Best Use of Parse API",http://mhacks6.devpost.com/submissions/40031-tdotexchange,Android,0
2,9,Shoot Safe,,http://mhacks6.devpost.com/submissions/40032-shoot-safe,iOS,0
2,10,Conductive Painting,,http://mhacks6.devpost.com/submissions/40033-conductive-painting,Hardware,0
2,11,Breeze,"Best iOS App (Apple),Best Use of the Nest API",http://mhacks6.devpost.com/submissions/40034-breeze,iOS,1
2,12,charico,"Top Hack Using .CO,Best iOS App (Apple),Best Use of Capital One API,Best Use of Parse API",http://mhacks6.devpost.com/submissions/40038-charico,Social Impact,0
2,13,Secret Handshake,Best Security Hack (Walmart),http://mhacks6.devpost.com/submissions/40039-secret-handshake,Hardware,0
2,14,Snap,"Best Use of Walmart API,Best Money Saving Hack (Concur)",http://mhacks6.devpost.com/submissions/40041-snap,Android,0
2,15,Binge,"Top Hack Using .CO,Best iOS App (Apple),Best Use of Parse API,Best Use of Microsoft Azure,Best Overall Use of Microsoft Technology,Best Use of MongoDB,Most Professional Hack by LinkedIn,Best Hack for Social Impact - Spnosored by VFA",http://mhacks6.devpost.com/submissions/40045-binge,iOS,0
2,16,Meals for Deals,"Best Use of Walmart API,Best Sustainable Hack (Walmart),Top Hack Using .CO,Best Money Saving Hack (Concur),Best Business Solution App Using Open Source (Goldman Sachs),Best Team Collaboration on a Project -  American Express,Best eCommerce Hack -  Walmart,Best Domain.com Domain Name",http://mhacks6.devpost.com/submissions/40046-meals-for-deals,Android,0
2,17,Tamagotchi Survival,,http://mhacks6.devpost.com/submissions/40048-tamagotchi-survival,Hardware,0
2,18,Kannek,Most Innovative Use of DIRECTV's APIs,http://mhacks6.devpost.com/submissions/40051-kannek,Hardware,1
2,19,Shadow Box MIDI Controller,Judge's / Player's Choice (Electronic Arts),http://mhacks6.devpost.com/submissions/40052-shadow-box-midi-controller,Hardware,0
2,20,SentiStock,"Best Sustainable Hack (Walmart),Best iOS App (Apple),Best Use of Analytics and Analysis (Bloomberg),Best Money Saving Hack (Concur),Best Business Solution App Using Open Source (Goldman Sachs)",http://mhacks6.devpost.com/submissions/40058-sentistock,iOS,0
2,21,WaterNet,"Best Sustainable Hack (Walmart),Best Money Saving Hack (Concur),Judge's / Player's Choice (Electronic Arts),Best Use of Firebase,Best Team Collaboration on a Project -  American Express,Most Professional Hack by LinkedIn,Best Hack for Social Impact - Spnosored by VFA",http://mhacks6.devpost.com/submissions/40059-waternet,Hardware,1
2,22,FacePass,"Best Security Hack (Walmart),Best iOS App (Apple),Best Use of Microsoft Azure,Best Overall Use of Microsoft Technology,Best Team Collaboration on a Project -  American Express",http://mhacks6.devpost.com/submissions/40061-facepass,iOS,0
2,23,Express Me,"Best Use of Walmart API,Best Use of Capital One API,Best Use of Firebase,Best Hack for Social Impact - Spnosored by VFA",http://mhacks6.devpost.com/submissions/40063-express-me,Hardware,0
2,24,GroupMyContacts,Best Use of Firebase,http://mhacks6.devpost.com/submissions/40065-groupmycontacts,Android,0
2,25,My Kitchen Sync,"Best Use of Walmart API,Best Sustainable Hack (Walmart),Top Hack Using .CO,Best Money Saving Hack (Concur),Best Use of Microsoft Azure,Best Overall Use of Microsoft Technology,Best Use of MongoDB,Best Use of Twilio,Best Team Collaboration on a Project -  American Express,Best eCommerce Hack -  Walmart",http://mhacks6.devpost.com/submissions/40071-my-kitchen-sync,Hardware,1
2,26,OpenMusic,"Ford Best Mobile App,Best Use of Microsoft Azure,Best Overall Use of Microsoft Technology,Best Team Collaboration on a Project -  American Express,Most Professional Hack by LinkedIn",http://mhacks6.devpost.com/submissions/40073-openmusic,Android,0
2,27,LaserComm,Best Security Hack (Walmart),http://mhacks6.devpost.com/submissions/40074-lasercomm,Hardware,1
2,28,Twyst,"Best iOS App (Apple),Best Money Saving Hack (Concur),Judge's / Player's Choice (Electronic Arts),Ford Best Mobile App",http://mhacks6.devpost.com/submissions/40079-twyst,iOS,1
2,29,reHab+,"Best Sustainable Hack (Walmart),Best Travel Hack (Delta),Ford Best Mobile App,Most Professional Hack by LinkedIn",http://mhacks6.devpost.com/submissions/40088-rehab,Hardware,1
2,30,Token,,http://mhacks6.devpost.com/submissions/40089-token,Android,0
2,31,TaskMaster,"Best iOS App (Apple),Best Use of Firebase",http://mhacks6.devpost.com/submissions/40091-taskmaster,iOS,0
2,32,makerSpark,,http://mhacks6.devpost.com/submissions/40092-makerspark,Hardware,0
2,33,TWO3D (ROScloud),"Top Hack Using .CO,Judge's / Player's Choice (Electronic Arts)",http://mhacks6.devpost.com/submissions/40098-two3d-roscloud,Android,0
2,34,Guardian,"Best iOS App (Apple),Ford Best Mobile App,Best Use of MongoDB,Best Use of Twilio,Best of Uber API,Best Hack for Social Impact - Spnosored by VFA",http://mhacks6.devpost.com/submissions/40102-guardian,Social Impact,0
2,35,Servis,"Best iOS App (Apple),Ford Best Mobile App,Best of Uber API",http://mhacks6.devpost.com/submissions/40104-servis,iOS,0
2,36,"On The Line, On the Record","Best Sustainable Hack (Walmart),Top Hack Using .CO,Most Professional Hack by LinkedIn",http://mhacks6.devpost.com/submissions/40108-on-the-line-on-the-record,Social Impact,0
2,41,Charity Cents,"Best Sustainable Hack (Walmart),Best Use of Capital One API,Best Hack for Social Impact - Spnosored by VFA",http://mhacks6.devpost.com/submissions/40120-charity-cents,Social Impact,0
2,42,EMI Surfer,Ford Best Mobile App,http://mhacks6.devpost.com/submissions/40126-emi-surfer,Android,1
2,43,DynamicTrack,"Most Professional Hack by LinkedIn,Best Hack for Social Impact - Spnosored by VFA",http://mhacks6.devpost.com/submissions/40127-dynamictrack,Social Impact,0
2,44,Scholar,Best Hack for Social Impact - Spnosored by VFA,http://mhacks6.devpost.com/submissions/40129-scholar,iOS,0
2,45,Hacker in me,"Best iOS App (Apple),Best Use of Capital One API,Best Use of Parse API,Ford Best Mobile App,Best Hack for Social Impact - Spnosored by VFA",http://mhacks6.devpost.com/submissions/40131-hacker-in-me,iOS,0
2,46,Eye in Rift,,http://mhacks6.devpost.com/submissions/40134-eye-in-rift,Hardware,1
2,47,Downlow'd,"Top Hack Using .CO,Best iOS App (Apple),Best Use of Microsoft Azure,Best Overall Use of Microsoft Technology,Most Professional Hack by LinkedIn,Best Pebble Hack",http://mhacks6.devpost.com/submissions/40140-downlow-d,iOS,0
2,48,Card Tracker,"Best Security Hack (Walmart),Best Use of Capital One API,Best Use of Microsoft Azure,Best Use of MongoDB,Best Hack for Social Impact - Spnosored by VFA",http://mhacks6.devpost.com/submissions/40141-card-tracker,Social Impact,0
2,49,Hello Drone!,"Top Hack Using .CO,Best Use of Firebase,Best Use of Microsoft Azure,Best Overall Use of Microsoft Technology",http://mhacks6.devpost.com/submissions/40142-hello-drone,Hardware,1
2,50,Drankboard.co,"Top Hack Using .CO,Best Use of Firebase,Best Team Collaboration on a Project -  American Express,Most Professional Hack by LinkedIn,Best Way to Visualize Data -  Qualtrics",http://mhacks6.devpost.com/submissions/40144-drankboard-co,Hardware,1
2,51,SemAndTricks,"Best Use of Analytics and Analysis (Bloomberg),Best Money Saving Hack (Concur),Best Use of Parse API,Best Use of Microsoft Azure,Best Overall Use of Microsoft Technology,Best Team Collaboration on a Project -  American Express",http://mhacks6.devpost.com/submissions/40146-semandtricks,Android,0
2,52,Simplify,"Best Sustainable Hack (Walmart),Top Hack Using .CO,Best iOS App (Apple),Best Use of Parse API,Ford Best Mobile App,Best Use of Twilio,Best of Uber API,Best Team Collaboration on a Project -  American Express,Most Professional Hack by LinkedIn,Best Hack for Social Impact - Spnosored by VFA",http://mhacks6.devpost.com/submissions/40150-simplify,iOS,0
2,53,Tunedemic,"Top Hack Using .CO,Best Use of Microsoft Azure,Best Overall Use of Microsoft Technology,Best Team Collaboration on a Project -  American Express,Most Professional Hack by LinkedIn,Best Way to Visualize Data -  Qualtrics",http://mhacks6.devpost.com/submissions/40152-tunedemic,Android,0
2,54,Glas4,,http://mhacks6.devpost.com/submissions/40156-glas4,Social Impact,0
2,55,Native CSS,Best iOS App (Apple),http://mhacks6.devpost.com/submissions/40159-native-css,iOS,0
2,56,Transit Alarm,,http://mhacks6.devpost.com/submissions/40166-transit-alarm,Android,0
2,57,ease,,http://mhacks6.devpost.com/submissions/40167-ease,Hardware,1
2,58,Cosmic Wave,"Top Hack Using .CO,Best Money Saving Hack (Concur),Best Use of Twilio,Best Hack for Social Impact - Spnosored by VFA",http://mhacks6.devpost.com/submissions/40169-cosmic-wave,Social Impact,0
2,59,AutiBot,"Best iOS App (Apple),Best Money Saving Hack (Concur),Best Use of Parse API,Best Use of Microsoft Azure,Best Overall Use of Microsoft Technology,Best Hack for Social Impact - Spnosored by VFA",http://mhacks6.devpost.com/submissions/40173-autibot,Social Impact,0
2,60,My Bad Habit,"Best Sustainable Hack (Walmart),Best Use of Parse API,Best Hack for Social Impact - Spnosored by VFA",http://mhacks6.devpost.com/submissions/40179-my-bad-habit,Android,0
2,61,sents,"Top Hack Using .CO,Best iOS App (Apple),Best Money Saving Hack (Concur),Best Use of Firebase,Ford Best Mobile App,Best Team Collaboration on a Project -  American Express,Most Professional Hack by LinkedIn,Best Hack for Social Impact - Spnosored by VFA",http://mhacks6.devpost.com/submissions/40181-sents,iOS,0
2,62,Scoutkick,"Top Hack Using .CO,Best iOS App (Apple),Judge's / Player's Choice (Electronic Arts),Best Team Collaboration on a Project -  American Express",http://mhacks6.devpost.com/submissions/40183-scoutkick,iOS,0
2,63,Highlight,"Best iOS App (Apple),Ford Best Mobile App,Best Business Solution App Using Open Source (Goldman Sachs),Most Professional Hack by LinkedIn",http://mhacks6.devpost.com/submissions/40185-highlight,iOS,0
2,64,VeriFace,"Best Use of Analytics and Analysis (Bloomberg),Best Business Solution App Using Open Source (Goldman Sachs)",http://mhacks6.devpost.com/submissions/40053-veriface,Miscellaneous,0
2,65,Polar Reminder,"Most Professional Hack by LinkedIn,Best Way to Visualize Data -  Qualtrics",http://mhacks6.devpost.com/submissions/40191-polar-reminder,Social Impact,0
2,66,Finco.,"Best Use of Analytics and Analysis (Bloomberg),Best Business Solution App Using Open Source (Goldman Sachs),Best Use of Microsoft Azure,Most Professional Hack by LinkedIn,Best Way to Visualize Data -  Qualtrics,Best Hack for Social Impact - Spnosored by VFA",http://mhacks6.devpost.com/submissions/40192-finco,Social Impact,0
2,67,Spot Swap ,"Best iOS App (Apple),Best Use of Parse API,Ford Best Mobile App,Best Hack for Social Impact - Spnosored by VFA",http://mhacks6.devpost.com/submissions/40198-spot-swap,Social Impact,0
2,68,Ice Ice Baby,,http://mhacks6.devpost.com/submissions/40199-ice-ice-baby,Hardware,1
2,69,Mooooood,"Best Use of Parse API,Ford Best Mobile App,Best Use of Wolfram Tech,Best Way to Visualize Data -  Qualtrics",http://mhacks6.devpost.com/submissions/40200-mooooood,Android,0
2,70,Picapic,"Top Hack Using .CO,Best iOS App (Apple),Best Money Saving Hack (Concur),Best Travel Hack (Delta),Best Use of Firebase,Best Team Collaboration on a Project -  American Express,Best Hack for Social Impact - Spnosored by VFA",http://mhacks6.devpost.com/submissions/40201-picapic,iOS,1
2,71,DaReactTV,"Top Hack Using .CO,Most Innovative Use of DIRECTV's APIs,Best Use of Firebase,Best Team Collaboration on a Project -  American Express",http://mhacks6.devpost.com/submissions/40204-dareacttv,Hardware,1
2,72,Put,"Judge's / Player's Choice (Electronic Arts),Best Use of Parse API",http://mhacks6.devpost.com/submissions/40208-put,Android,0
2,73,weRgu,"Best Sustainable Hack (Walmart),Best Use of Firebase,Best Use of Microsoft Azure,Best Overall Use of Microsoft Technology,Best Hack for Social Impact - Spnosored by VFA",http://mhacks6.devpost.com/submissions/40210-wergu,Social Impact,0
2,74,Show Me,"Best Use of Parse API,Most Professional Hack by LinkedIn",http://mhacks6.devpost.com/submissions/40213-show-me,Android,0
2,75,Walmart Auto Checkout,"Best Use of Walmart API,Best Sustainable Hack (Walmart),Best Use of Parse API",http://mhacks6.devpost.com/submissions/40215-walmart-auto-checkout,Android,0
2,76,BattleTrip,"Top Hack Using .CO,Best iOS App (Apple),Best Use of Parse API,Ford Best Mobile App,Best of Uber API,Best Team Collaboration on a Project -  American Express",http://mhacks6.devpost.com/submissions/40217-battletrip,iOS,0
2,77,NewsBot,"Best Use of Microsoft Azure,Best Overall Use of Microsoft Technology,Best Team Collaboration on a Project -  American Express",http://mhacks6.devpost.com/submissions/40218-newsbot,Social Impact,0
2,78,SpeakEasy,"Best Use of Parse API,Best Use of Wolfram Tech,Best Way to Visualize Data -  Qualtrics",http://mhacks6.devpost.com/submissions/40221-speakeasy,Social Impact,0
2,79,Joyride,"Best iOS App (Apple),Best Travel Hack (Delta),Ford Best Mobile App,Best Team Collaboration on a Project -  American Express",http://mhacks6.devpost.com/submissions/40222-joyride,iOS,0
2,80,CrowdPlay,Most Professional Hack by LinkedIn,http://mhacks6.devpost.com/submissions/40223-crowdplay,iOS,0
2,81,Finger.Yoga,"Best iOS App (Apple),Best Money Saving Hack (Concur),Judge's / Player's Choice (Electronic Arts),Best Use of Parse API,Best Use of MongoDB,Best Team Collaboration on a Project -  American Express,Most Professional Hack by LinkedIn,Best Use of Namecheap,Best Hack for Social Impact - Spnosored by VFA",http://mhacks6.devpost.com/submissions/40225-finger-yoga,iOS,1
2,82,PencilMeIn,"Top Hack Using .CO,Best iOS App (Apple),Best Use of Parse API,Best Team Collaboration on a Project -  American Express,Most Professional Hack by LinkedIn",http://mhacks6.devpost.com/submissions/40226-pencilmein,iOS,0
2,83,Where's Wally?,"Best Use of Firebase,Best Way to Visualize Data -  Qualtrics",http://mhacks6.devpost.com/submissions/40231-where-s-wally,Android,0
2,84,Civic Issue Browser,,http://mhacks6.devpost.com/submissions/40233-civic-issue-browser,Social Impact,0
2,85,TalkingBots,Best Way to Visualize Data -  Qualtrics,http://mhacks6.devpost.com/submissions/40234-talkingbots,Hardware,1
2,86,Innovation InSight,"Best Sustainable Hack (Walmart),Top Hack Using .CO,Best Travel Hack (Delta),Best Use of Firebase,Best Overall Use of Microsoft Technology,Best Use of the Nest API,Best Team Collaboration on a Project -  American Express,Best Hack for Social Impact - Spnosored by VFA",http://mhacks6.devpost.com/submissions/40238-innovation-insight,Hardware,1
2,87,Sweat to Safety,"Best iOS App (Apple),Best Use of Firebase",http://mhacks6.devpost.com/submissions/40239-sweat-to-safety,iOS,0
2,88,Lifeboard,"Best Sustainable Hack (Walmart),Best iOS App (Apple),Most Professional Hack by LinkedIn,Best Hack for Social Impact - Spnosored by VFA",http://mhacks6.devpost.com/submissions/40240-lifeboard,iOS,0
2,89,StreamPoint,"Top Hack Using .CO,Best iOS App (Apple),Best Business Solution App Using Open Source (Goldman Sachs),Best Use of Microsoft Azure,Best Overall Use of Microsoft Technology,Best Use of Wolfram Tech,Most Professional Hack by LinkedIn,Best use of Stream API",http://mhacks6.devpost.com/submissions/40242-streampoint,iOS,1
2,90,Futur,"Top Hack Using .CO,Best iOS App (Apple),Best Use of Analytics and Analysis (Bloomberg),Best Money Saving Hack (Concur),Best Travel Hack (Delta),Best Use of Parse API,Best Business Solution App Using Open Source (Goldman Sachs),Best Use of Microsoft Azure,Best Overall Use of Microsoft Technology,Most Professional Hack by LinkedIn,Best Way to Visualize Data -  Qualtrics",http://mhacks6.devpost.com/submissions/40245-futur,Social Impact,0
2,91,TooManyPis,,http://mhacks6.devpost.com/submissions/40246-toomanypis,Hardware,0
2,92,Slapchat,Best Use of Firebase,http://mhacks6.devpost.com/submissions/40247-slapchat,Android,0
2,93,Gateway,"Best Sustainable Hack (Walmart),Best iOS App (Apple),Best Use of Capital One API,Best Money Saving Hack (Concur),Best Travel Hack (Delta),Best Use of Expedia's API,Judge's / Player's Choice (Electronic Arts),Best Use of Parse API,Ford Best Mobile App,Best Business Solution App Using Open Source (Goldman Sachs),Most Professional Hack by LinkedIn,Best Hack for Social Impact - Spnosored by VFA,Best eCommerce Hack -  Walmart",http://mhacks6.devpost.com/submissions/40248-gateway,iOS,0
2,94,Latex my Notes,"Best iOS App (Apple),Judge's / Player's Choice (Electronic Arts),Ford Best Mobile App,Best Use of MongoDB,Best Way to Visualize Data -  Qualtrics",http://mhacks6.devpost.com/submissions/40250-latex-my-notes,iOS,0
2,95,Pixel Board,,http://mhacks6.devpost.com/submissions/40251-pixel-board,Hardware,1
2,96,Icns,"Best iOS App (Apple),Best Use of Parse API",http://mhacks6.devpost.com/submissions/40252-icns,iOS,0
2,97,ixSlowMo Ultra Slow Motion Video Recorder,"Best iOS App (Apple),Best Money Saving Hack (Concur),Ford Best Mobile App,Best Use of Microsoft Azure",http://mhacks6.devpost.com/submissions/40255-ixslowmo-ultra-slow-motion-video-recorder,iOS,0
2,98,Sound Triangle,Best Use of Firebase,http://mhacks6.devpost.com/submissions/40256-sound-triangle,Hardware,0
2,99,Relay,"Top Hack Using .CO,Best iOS App (Apple),Best Use of Firebase,Most Professional Hack by LinkedIn",http://mhacks6.devpost.com/submissions/40259-relay,iOS,0
2,100,Studr,"Best iOS App (Apple),Best Use of Parse API,Best Hack for Social Impact - Spnosored by VFA",http://mhacks6.devpost.com/submissions/40261-studr,iOS,0
2,101,Bought,"Best Use of Walmart API,Best iOS App (Apple),Best eCommerce Hack -  Walmart",http://mhacks6.devpost.com/submissions/40262-bought,iOS,0
2,101,text-a-ride,"Best Use of Analytics and Analysis (Bloomberg),Best Use of Firebase,Best Use of Twilio,Best of Uber API",http://mhacks6.devpost.com/submissions/40275-text-a-ride,iOS,0
2,102,Printcakes: Pancake Printer,"Best Sustainable Hack (Walmart),Best Team Collaboration on a Project -  American Express",http://mhacks6.devpost.com/submissions/40264-printcakes-pancake-printer,Hardware,1
2,103,CARBOX,"Best iOS App (Apple),Best Use of Capital One API,Best Money Saving Hack (Concur),Best Travel Hack (Delta),Best Use of Parse API,Most Professional Hack by LinkedIn,Best Hack for Social Impact - Spnosored by VFA",http://mhacks6.devpost.com/submissions/40266-carbox,iOS,0
2,104,SMC SafeRide,,http://mhacks6.devpost.com/submissions/40269-smc-saferide,iOS,0
2,105,GlassTasks,Most Professional Hack by LinkedIn,http://mhacks6.devpost.com/submissions/40270-glasstasks,Hardware,0
2,106,Capture-The-Tag,Best Use of Firebase,http://mhacks6.devpost.com/submissions/40271-capture-the-tag,Android,0
2,107,livesaber,"Most Innovative Use of DIRECTV's APIs,Best Use of Firebase,Ford Best Mobile App,Best Hack for Social Impact - Spnosored by VFA",http://mhacks6.devpost.com/submissions/40273-livesaber,Social Impact,0
2,108,We Tour,"Best iOS App (Apple),Best Money Saving Hack (Concur),Best Travel Hack (Delta),Best Use of Expedia's API,Best Hack for Social Impact - Spnosored by VFA",http://mhacks6.devpost.com/submissions/40274-we-tour,Social Impact,0
2,110,Pong Turret,,http://mhacks6.devpost.com/submissions/40277-pong-turret,Hardware,1
2,111,RGB Rave Shades,,http://mhacks6.devpost.com/submissions/40279-rgb-rave-shades,Hardware,1
2,112,WhatsUpNext,Most Innovative Use of DIRECTV's APIs,http://mhacks6.devpost.com/submissions/40280-whatsupnext,Android,1
2,113,Market Central,Best Use of Firebase,http://mhacks6.devpost.com/submissions/40281-market-central,Social Impact,0
2,114,InPACT,"Best Use of Analytics and Analysis (Bloomberg),Best Use of Parse API,Most Professional Hack by LinkedIn,Best Hack for Social Impact - Spnosored by VFA",http://mhacks6.devpost.com/submissions/40287-inpact,Android,0
2,115,FastTrack,"Best iOS App (Apple),Best Use of Analytics and Analysis (Bloomberg),Best Money Saving Hack (Concur),Best Use of Parse API,Best Business Solution App Using Open Source (Goldman Sachs),Most Professional Hack by LinkedIn,Best Way to Visualize Data -  Qualtrics,Best Hack for Social Impact - Spnosored by VFA",http://mhacks6.devpost.com/submissions/40289-fasttrack,iOS,1
2,116,Caravan,"Best Travel Hack (Delta),Best Use of Firebase",http://mhacks6.devpost.com/submissions/40290-caravan,Android,0
2,117,Emurgentcy,Best Use of Twilio,http://mhacks6.devpost.com/submissions/40291-emurgentcy,Hardware,0
2,118,BizzareBazaar,"Best iOS App (Apple),Best Money Saving Hack (Concur),Best Use of Parse API,Ford Best Mobile App,Best Business Solution App Using Open Source (Goldman Sachs),Best of Uber API,Best Team Collaboration on a Project -  American Express,Most Professional Hack by LinkedIn",http://mhacks6.devpost.com/submissions/40293-bizzarebazaar,Social Impact,0
2,119,Journey,"Ford Best Mobile App,Best Business Solution App Using Open Source (Goldman Sachs)",http://mhacks6.devpost.com/submissions/40299-journey,Android,0
2,120,Board,"Best iOS App (Apple),Best Use of MongoDB",http://mhacks6.devpost.com/submissions/40300-board,iOS,0
2,121,Jotty,"Best iOS App (Apple),Best Use of Firebase,Most Professional Hack by LinkedIn",http://mhacks6.devpost.com/submissions/40302-jotty,iOS,0
2,122,Tempo,Best iOS App (Apple),http://mhacks6.devpost.com/submissions/40303-tempo,iOS,1
2,123,Arcade box,,http://mhacks6.devpost.com/submissions/40304-arcade-box,Hardware,0
2,124,SlowNet,"Best Use of Twilio,Best Hack for Social Impact - Spnosored by VFA",http://mhacks6.devpost.com/submissions/40305-slownet,Android,0
2,125,Carvest,"Best iOS App (Apple),Best Money Saving Hack (Concur),Best Hack for Social Impact - Spnosored by VFA",http://mhacks6.devpost.com/submissions/40306-carvest,iOS,0
2,126,Under Pressure,,http://mhacks6.devpost.com/submissions/40307-under-pressure,Android,0
2,127,fastCart,"Best Use of Walmart API,Best Use of Firebase,Best Use of Microsoft Azure,Best Team Collaboration on a Project -  American Express",http://mhacks6.devpost.com/submissions/40310-fastcart,Android,0
2,128,Delta Care,"Best iOS App (Apple), Best Money Saving Hack (Concur), Best Travel Hack (Delta), Best Use of ExpediaÛªs API, and Best Way to Visualize Data - Qualtrics",http://mhacks6.devpost.com/submissions/40312-delta-care,iOS,0
2,129,Holla,"Best Sustainable Hack (Walmart),Best Travel Hack (Delta),Best Business Solution App Using Open Source (Goldman Sachs),Most Professional Hack by LinkedIn",http://mhacks6.devpost.com/submissions/40113-holla,Android,0
2,130,Hacknight with jo,"Best iOS App (Apple),Judge's / Player's Choice (Electronic Arts),Ford Best Mobile App",http://mhacks6.devpost.com/submissions/40115-hacknight-with-jo,iOS,0
2,131,foodr,,http://mhacks6.devpost.com/submissions/40116-foodr,iOS,0
2,132,smartBike,Best Team Collaboration on a Project -  American Express,http://mhacks6.devpost.com/submissions/40119-smartbike,Android,0
2,133,NES,"Best iOS App (Apple), Judge's / Player's Choice (Electronic Arts), and Ford Best Mobile App",http://mhacks6.devpost.com/submissions/40330-nes,iOS,
2,134,Float,"Best Use of Firebase, Best Use of Twilio, and Best Hack for Social Impact - Spnosored by VFA",http://mhacks6.devpost.com/submissions/40329-float,Web Development,
2,135,ChatLoco,Best Use of Firebase,http://mhacks6.devpost.com/submissions/40328-chatloco,Web Development,
2,136,Social Circle,"Top Hack Using .CO, Best Money Saving Hack (Concur), Best Travel Hack (Delta), Best Use of Firebase, Most Professional Hack by LinkedIn, Best Use of Namecheap, Best Hack for Social Impact - Spnosored by VFA, and Best Domain.com Domain Name",http://mhacks6.devpost.com/submissions/40324-social-circle,Social Impact,
2,137,SMSiri,"Top Hack Using .CO, Best Money Saving Hack (Concur), Best Travel Hack (Delta), Best Use of ExpediaÕs API, Best Use of Microsoft Azure, Best Overall Use of Microsoft Technology, Best Use of Twilio, Best Use of Wolfram Tech, and Best Team Collaboration on a Project - American Express",http://mhacks6.devpost.com/submissions/40322-smsiri,Social Impact,
2,138,Mosh Pit,Judge's / Player's Choice (Electronic Arts) and Best Use of Namecheap,http://mhacks6.devpost.com/submissions/40321-mosh-pit,VR/Game Development,
2,139,Myostro,"Best Money Saving Hack (Concur), Judge's / Player's Choice (Electronic Arts), Best Team Collaboration on a Project - American Express, Most Professional Hack by LinkedIn, Best Way to Visualize Data - Qualtrics, and Best Hack for Social Impact - Spnosored by VFA",http://mhacks6.devpost.com/submissions/40320-myostro,Hardware,
2,140,SpeakEasy,"Best Use of Parse API, Best Use of Wolfram Tech, Best Way to Visualize Data - Qualtrics, and Best Hack for Social Impact - Spnosored by VFA",http://mhacks6.devpost.com/submissions/40221-speakeasy,Social Impact,
2,142,Museic,Best Use of Microsoft Azure and Best Overall Use of Microsoft Technology,http://mhacks6.devpost.com/submissions/40331-museic,Web Development,0
2,143,Efoosball,Best Use of Firebase,http://mhacks6.devpost.com/submissions/40332-efoosball,Hardware,0
2,144,bckpckr,Best Money Saving Hack (Concur) and Best Travel Hack (Delta),http://mhacks6.devpost.com/submissions/40333-bckpckr,Web Development,
2,145,Soundscape3D,Best iOS App (Apple),http://mhacks6.devpost.com/submissions/40334-soundscape3d,iOS,
2,146,Kado,Best Use of Parse API,http://mhacks6.devpost.com/submissions/40335-kado,Android,
2,147,Drive with glass,,http://devpost.com/software/drive-with-glass,,
2,148,Blaze,,http://devpost.com/software/blaze-cvwp8b,,
2,149,Shape Strife,,http://devpost.com/software/shape-strife,,
2,150,Train,,http://devpost.com/software/train,,
2,151,Web audio API Sax,,,,
2,152,Heack,,http://devpost.com/software/heack,,
2,153,Spleek,"Best Sustainable Hack (Walmart),Top Hack Using .CO,Best Use of Analytics and Analysis (Bloomberg),Best Use of Microsoft Azure,Best Overall Use of Microsoft Technology,Most Professional Hack by LinkedIn,Best Hack for Social Impact - Spnosored by VFA",http://mhacks6.devpost.com/submissions/40297-spleek,Web Development,0
2,154,,,,,
2,155,,,,,
2,156,,,,,
2,157,,,,,
2,158,,,,,
